{
  "data": [
    {
      "id": "001101309600000001",
      "requestDate": "2017-02-17",
      "disbursementDate": "2017-02-17",
      "currency": "PEN",
      "initialFee": {
        "amount": 2000.5,
        "currency": "PEN"
      },
      "initialAmount": {
        "amount": 400,
        "currency": "PEN"
      },
      "tariff": {
        "id": "BBVA001"
      },
      "relatedProduct": {
        "percentage": 0.12,
        "relatedProductType": {
          "id": "0250",
          "name": "Desgravamen individual"
        }
      },
      "externalProduct": {
        "id": "919223459",
        "commercialValue": {
          "amount": 3500.55,
          "currency": "PEN"
        },
        "category": {
          "categoryType": {
            "id": "CE",
            "description": "Cell phones"
          }
        }
      },
      "holder": {
        "name": "Euler",
        "lastName": "Alvarado",
        "motherLastName": "Pachas"
      },
      "operation": {
        "id": "1123256778",
        "operationType": {
          "id": "ALTA",
          "name": "Alta contrato"
        }
      },
      "delivery": {
        "deliveryType": {
          "id": "DIGITAL",
          "description": "Digital"
        },
        "email": "euler.alvarado@bbva.com"
      },
      "branch": {
          "id": "0101",
          "name": "BBVA Continental"
      },
      "status": {
        "id": "PENDING_SIGNATURE",
        "name": "Pendiente de firma"
      }
    }
  ]
}
