{
  "currency": "PEN",
  "paymentDay": 20,
  "billingDay": 15,
  "initialAmount": {
    "amount": 400,
    "currency": "PEN"
  },
  "tariff": {
    "id": "BBVA001"
  },
  "delivery": {
    "deliveryType": {
      "id": "BOTH"
    },
    "email": "euler.alvarado@bbva.com"
  },
  "externalProduct": {
    "id": "919223459",
    "commercialValue": {
      "amount": 3500.55,
      "currency": "PEN"
    }
  },
  "holder": {
    "identityDocuments": [
      {
        "documentNumber": "32123212",
        "documentType": {
          "id": "DNI"
        }
      }
    ]
  },
  "operation": {
    "id": "1123256778",
    "operationType": {
      "id": "ALTA"
    }
  },
  "thirdPartyProvider": {
    "id": "TDPE",
    "externalSalesChannel": {
      "id": "CEC"
    }
  },
  "branch": {
      "id": "0101"
  }
}
